"not valid",J;Alarid-Escudero, Fernando, MacLehose, Richard F., Peralta, Yadira, Kuntz, Karen M., Enns, Eva A.;;;;;;;;Nonidentifiability in Model Calibration and Implications for Medical Decision Making;;;;;;;;MEDICAL DECISION MAKING;;;;38;7;;;810;821;;10.1177/0272989X18792283;;;OCT 2018;2018;;;;;;;;;;0;;;;;;;WOS:000445463300005
"not valid",J;Djalalov, Sandjar, Masucci, Lisa, Isaranuwatchai, Wanrudee, Evans, William, Peter, Alice, Truscott, Rebecca, Cameron, Erin, Mittmann, Nicole, Rabeneck, Linda, Chan, Kelvin, Hoch, Jeffrey S.;;;;;;;;Economic evaluation of smoking cessation in Ontario's regional cancer programs;;;;;;;;CANCER MEDICINE;;;;7;9;;;4765;4772;;10.1002/cam4.1495;;;SEP 2018;2018;;;;;;;;;;0;;;;;;;WOS:000444945200053
"not valid",J;Bicer, Mustafa Berkan, Akdagli, Ali;;;;;;;;Implementation of the inverse circular radon transform-based imaging approach for breast cancer screening;;;;;;;;INTERNATIONAL JOURNAL OF RF AND MICROWAVE COMPUTER-AIDED ENGINEERING;;;;28;6;;;;;e21279;10.1002/mmce.21279;;;AUG 2018;2018;;;;;;;;;;0;;;;;;;WOS:000445153300011
"not valid",J;Goettlich, Claudia, Kunz, Meik, Zapp, Cornelia, Nietzer, Sarah L., Walles, Heike, Dandekar, Thomas, Dandekar, Gudrun;;;;;;;;A combined tissue-engineered/insilico signature tool patient stratification in lung cancer;;;;;;;;MOLECULAR ONCOLOGY;;;;12;8;;;1264;1285;;10.1002/1878-0261.12323;;;AUG 2018;2018;;;;;;;;;;0;;;;;;;WOS:000440414700004
"valid",J;Hsu, Chen-Yang, Yen, Ming-Fang, Auvinen, Anssi, Chiu, Yueh-Hsia, Chen, Hsiu-Hsi;;;;;;;;Bayesian negative-binomial-family-based multistate Markov model for the evaluation of periodic population-based cancer screening considering incomplete information and measurement errors;;;;;;;;STATISTICAL METHODS IN MEDICAL RESEARCH;;;;27;8;;;2519;2539;;10.1177/0962280216682284;;;AUG 2018;2018;;;;;;;;;;0;;;;;;;WOS:000438616300019
"valid",J;Peterse, Elisabeth F. P., Meester, Reinier G. S., Siegel, Rebecca L., Chen, Jennifer C., Dwyer, Andrea, Ahnen, Dennis J., Smith, Robert A., Zauber, Ann G., Lansdorp-Vogelaar, Iris;;;;;;;;The Impact of the Rising Colorectal Cancer Incidence in Young Adults on the Optimal Age to Start Screening: Microsimulation Analysis I to Inform the American Cancer Society Colorectal Cancer Screening Guideline;;;;;;;;CANCER;;;;124;14;;;2964;2973;;10.1002/cncr.31543;;;JUL 15 2018;2018;;;;;;;;;;5;;;;;;;WOS:000437671900015
"valid",J;Meester, Reinier G. S., Peterse, Elisabeth F. P., Knudsen, Amy B., de Weerdt, Anne C., Chen, Jennifer C., Lietz, Anna P., Dwyer, Andrea, Ahnen, Dennis J., Siegel, Rebecca L., Smith, Robert A., Zauber, Ann G., Lansdorp-Vogelaar, Iris;;;;;;;;Optimizing Colorectal Cancer Screening by Race and Sex: Microsimulation Analysis II to Inform the American Cancer Society Colorectal Cancer Screening Guideline;;;;;;;;CANCER;;;;124;14;;;2974;2985;;10.1002/cncr.31542;;;JUL 15 2018;2018;;;;;;;;;;3;;;;;;;WOS:000437671900016
"valid",J;Lew, Jie-Bin, St John, D. James B., Macrae, Finlay A., Emery, Jon D., Ee, Hooi C., Jenkins, Mark A., He, Emily, Grogan, Paul, Caruana, Michael, Sarfati, Diana, Greuter, Marjolein J. E., Coupe, Veerle M. H., Canfell, Karen;;;;;;;;Evaluation of the benefits, harms and cost-effectiveness of potential alternatives to iFOBT testing for colorectal cancer screening in Australia;;;;;;;;INTERNATIONAL JOURNAL OF CANCER;;;;143;2;;;269;282;;10.1002/ijc.31314;;;JUL 15 2018;2018;;;;;;;;;;0;;;;;;;WOS:000434116300005
"not valid",J;Wolf, Andrew M. D., Fontham, Elizabeth T. H., Church, Timothy R., Flowers, Christopher R., Guerra, Carmen E., LaMonte, Samuel J., Etzioni, Ruth, McKenna, Matthew T., Oeffinger, Kevin C., Shih, Ya-Chen Tina, Walter, Louise C., Andrews, Kimberly S., Brawley, Otis W., Brooks, Durado, Fedewa, Stacey A., Manassaram-Baptiste, Deana, Siegel, Rebecca L., Wender, Richard C., Smith, Robert A.;;;;;;;;Colorectal Cancer Screening for Average-Risk Adults: 2018 Guideline Update From the American Cancer Society;;;;;;;;CA-A CANCER JOURNAL FOR CLINICIANS;;;;68;4;;;250;281;;10.3322/caac.21457;;;JUL-AUG 2018;2018;;;;;;;;;;6;;;;;;;WOS:000439923200005
"valid",J;Melnitchouk, Nelya, Soeteman, Djora I., Davids, Jennifer S., Fields, Adam, Cohen, Joshua, Noubary, Farzad, Lukashenko, Andrey, Kolesnik, Olena O., Freund, Karen M.;;;;;;;;Cost-effectiveness of colorectal cancer screening in Ukraine;;;;;;;;COST EFFECTIVENESS AND RESOURCE ALLOCATION;;;;16;;;;;;20;10.1186/s12962-018-0104-0;;;JUN 7 2018;2018;;;;;;;;;;0;;;;;;;WOS:000435067200001
"valid",J;Wang, Zixing, Wang, Yuyan, Huang, Yao, Xue, Fang, Han, Wei, Hu, Yaoda, Wang, Lei, Song, Wei, Jiang, Jingmei;;;;;;;;Challenges and research opportunities for lung cancer screening in China;;;;;;;;CANCER COMMUNICATIONS;;;;38;;;;;;UNSP 34;10.1186/s40880-018-0305-0;;;JUN 7 2018;2018;;;;;;;;;;0;;;;;;;WOS:000434488400001
"not valid",J;Hong, Hyokyoung G., Chen, Xuerong, Christiani, David C., Li, Yi;;;;;;;;Integrated powered density: Screening ultrahigh dimensional covariates with survival outcomes;;;;;;;;BIOMETRICS;;;;74;2;;;421;429;;10.1111/biom.12820;;;JUN 2018;2018;;;;;;;;;;0;;;;;;;WOS:000436403600006
"not valid",J;Deka, Suman Jyoti, Roy, Ashalata, Manna, Debasis, Trivedi, Vishal;;;;;;;;Integrating virtual screening and biochemical experimental approach to identify potential anti-cancer agents from drug databank;;;;;;;;JOURNAL OF BIOINFORMATICS AND COMPUTATIONAL BIOLOGY;;;;16;3;;;;;1850002;10.1142/S0219720018500026;;;JUN 2018;2018;;;;;;;;;;0;;;;;;;WOS:000436503100011
"not valid",J;Nelson, Kerrie P., Mitani, Aya A., Edwards, Don;;;;;;;;Evaluating the effects of rater and subject factors on measures of association;;;;;;;;BIOMETRICAL JOURNAL;;;;60;3;;;639;656;;10.1002/bimj.201700078;;;MAY 2018;2018;;;;;;;;;;0;;;;;;;WOS:000431490600014
"valid",J;Arrospide, Arantzazu, Idigoras, Isabel, Mar, Javier, de Koning, Harry, van der Meulen, Miriam, Soto-Gordoa, Myriam, Miguel Martinez-Llorente, Jose, Portillo, Isabel, Arana-Arri, Eunate, Ibarrondo, Oliver, Lansdorp-Vogelaar, Iris;;;;;;;;Cost-effectiveness and budget impact analyses of a colorectal cancer screening programme in a high adenoma prevalence scenario using MISCAN-Colon microsimulation model;;;;;;;;BMC CANCER;;;;18;;;;;;464;10.1186/s12885-018-4362-1;;;APR 25 2018;2018;;;;;;;;;;0;;;;;;;WOS:000430804000001
"not valid",J;Kaur, Dhamanpreet, Ulloa-Perez, Ernesto, Gulati, Roman, Etzioni, Ruth;;;;;;;;Racial Disparities in Prostate Cancer Survival in a Screened Population: Reality Versus Artifact;;;;;;;;CANCER;;;;124;8;;;1752;1759;;10.1002/cncr.31253;;;APR 15 2018;2018;;;;;;;;;;0;;;;;;;WOS:000429411900016
"valid",J;Alagoz, Oguzhan, Berry, Donald A., de Koning, Harry J., Feuer, Eric J., Lee, Sandra J., Plevritis, Sylvia K., Schechter, Clyde B., Stout, Natasha K., Trentham-Dietz, Amy, Mandelblatt, Jeanne S.;;CISNET Breast Canc Working Grp;;;;;;Introduction to the Cancer Intervention and Surveillance Modeling Network (CISNET) Breast Cancer Models;;;;;;;;MEDICAL DECISION MAKING;;;;38;;;;3S;8S;;10.1177/0272989X17737507;;;APR 2018;2018;;;;;;;;;;0;;;;;;;WOS:000429896900001
"not valid",J;Gangnon, Ronald E., Stout, Natasha K., Alagoz, Oguzhan, Hampton, John M., Sprague, Brian L., Trentham-Dietz, Amy;;;;;;;;Contribution of Breast Cancer to Overall Mortality for US Women;;;;;;;;MEDICAL DECISION MAKING;;;;38;;;;24S;31S;;10.1177/0272989X17717981;;;APR 2018;2018;;;;;;;;;;1;;;;;;;WOS:000429896900003
"valid",J;Schechter, Clyde B., Near, Aimee M., Jayasekera, Jinani, Chandler, Young, Mandelblatt, Jeanne S.;;;;;;;;Structure, Function, and Applications of the Georgetown-Einstein (GE) Breast Cancer Simulation Model;;;;;;;;MEDICAL DECISION MAKING;;;;38;;;;66S;77S;;10.1177/0272989X17698685;;;APR 2018;2018;;;;;;;;;;1;;;;;;;WOS:000429896900007
"not valid",J;van Ravesteyn, Nicolien T., van den Broek, Jeroen J., Li, Xiaoxue, Weedon-Fekjaer, Harald, Schechter, Clyde B., Alagoz, Oguzhan, Huang, Xuelin, Weaver, Donald L., Burnside, Elizabeth S., Punglia, Rinaa S., de Koning, Harry J., Lee, Sandra J.;;;;;;;;Modeling Ductal Carcinoma In Situ (DCIS): An Overview of CISNET Model Approaches;;;;;;;;MEDICAL DECISION MAKING;;;;38;;;;126S;139S;;10.1177/0272989X17729358;;;APR 2018;2018;;;;;;;;;;0;;;;;;;WOS:000429896900012
"valid",J;van den Broek, Jeroen J., van Ravesteyn, Nicolien T., Mandelblatt, Jeanne S., Huang, Hui, Ergun, Mehmet Ali, Burnside, Elizabeth S., Xu, Cong, Li, Yisheng, Alagoz, Oguzhan, Lee, Sandra J., Stout, Natasha K., Song, Juhee, Trentham-Dietz, Amy, Plevritis, Sylvia K., Moss, Sue M., de Koning, Harry J.;;;;;;;;Comparing CISNET Breast Cancer Incidence and Mortality Predictions to Observed Clinical Trial Results of Mammography Screening from Ages 40 to 49;;;;;;;;MEDICAL DECISION MAKING;;;;38;;;;140S;150S;;10.1177/0272989X17718168;;;APR 2018;2018;;;;;;;;;;0;;;;;;;WOS:000429896900013
"valid",J;Coldman, Andrew, Pader, Joy, Gauvreau, Cindy, Memon, Saima, Fitzgerald, Natalie, Flanagan, William, Nadeau, Claude, Earle, Craig, Wolfson, Michael, Miller, Anthony, Lacombe, Jason;;;;;;;;Simulating results from trials of sigmoidoscopy screening using the OncoSim microsimulation model;;;;;;;;JOURNAL OF CANCER POLICY;;;;15;;;;52;58;;10.1016/j.jcpo.2017.12.006;;;MAR 2018;2018;;;;;;;;;;0;;;;;;;WOS:000432368900013
"not valid",J;Barnett, Christine L., Auffenberg, Gregory B., Cheng, Zian, Yang, Fan, Wang, Jiachen, Wei, John T., Miller, David C., Montie, James E., Mamawala, Mufaddal, Denton, Brian T.;;;;;;;;Optimizing Active Surveillance Strategies to Balance the Competing Goals of Early Detection of Grade Progression and Minimizing Harm From Biopsies;;;;;;;;CANCER;;;;124;4;;;698;705;;10.1002/cncr.31101;;;FEB 15 2018;2018;;;;;;;;;;0;;;;;;;WOS:000424222600007
"valid",J;de Carvalho, Tiago M., Heijnsdijk, Eveline A. M., de Koning, Harry J.;;;;;;;;Comparative Effectiveness of Prostate Cancer Screening Between the Ages of 55 and 69 Years Followed by Active Surveillance;;;;;;;;CANCER;;;;124;3;;;507;513;;10.1002/cncr.31141;;;FEB 1 2018;2018;;;;;;;;;;2;;;;;;;WOS:000423076000013
"not valid",J;Raj, Vinit, Rai, Amit, Singh, Ashok K., Keshari, Amit K., Trivedi, Prakruti, Ghosh, Balaram, Kumar, Umesh, Kumar, Dinesh, Saha, Sudipta;;;;;;;;Discovery of Novel 2-Amino-5-(Substituted)-1,3,4-Thiadiazole Derivatives: New Utilities for Colon Cancer Treatment;;;;;;;;ANTI-CANCER AGENTS IN MEDICINAL CHEMISTRY;;;;18;5;;;719;738;;10.2174/1871520617666170419122916;;;2018;2018;;;;;;;;;;0;;;;;;;WOS:000442276900010
"not valid",J;Ramnath, Madhusudhanan Gogul, Thirugnanasampandan, Ramaraj, Nagasundaram, Nagarajan, Bhuvaneswari, Gunasekaran;;;;;;;;Molecular Docking and Dynamic Simulation Studies of Terpenoids of I. wightii (Bentham) H. Hara against Acetylcholinesterase and Histone Deacetylase3 Receptors;;;;;;;;CURRENT COMPUTER-AIDED DRUG DESIGN;;;;14;3;;;234;245;;10.2174/1573409914666180321111925;;;2018;2018;;;;;;;;;;0;;;;;;;WOS:000440046200007
"not valid",J;Reddy, Pulakuntla Swetha, Lokhande, Kiran Bharat, Nagar, Shuchi, Reddy, Vaddi Damodara, Murthy, P. Sushma, Swamy, K. Venkateswara;;;;;;;;Molecular Modeling, Docking, Dynamics and Simulation of Gefitinib and its Derivatives with EGFR in Non-small Cell Lung Cancer;;;;;;;;CURRENT COMPUTER-AIDED DRUG DESIGN;;;;14;3;;;246;252;;10.2174/1573409914666180228111433;;;2018;2018;;;;;;;;;;0;;;;;;;WOS:000440046200008
"not valid",J;Rieger, Anna K., Mansmann, Ulrich R.;;;;;;;;A Bayesian scoring rule on clustered event data for familial risk assessment - An example from colorectal cancer screening;;;;;;;;BIOMETRICAL JOURNAL;;;;60;1;;;115;127;;10.1002/bimj.201600264;;;JAN 2018;2018;;;;;;;;;;0;;;;;;;WOS:000429306500008
"valid",J;Houssami, Nehmat, Lee, Christoph I., Buist, Diana S. M., Tao, Dacheng;;;;;;;;Artificial intelligence for breast cancer screening: Opportunity or hype?;;;;;;;;BREAST;;;;36;;;;31;33;;10.1016/j.breast.2017.09.003;;;DEC 2017;2017;;;;;;;;;;4;;;;;;;WOS:000414087600005
"not valid",J;Meester, Reinier G. S., Doubeni, Chyke A., Zauber, Ann G., van Ballegooijen, Marjolein, Corley, Douglas A., Lansdorp-Vogelaar, Iris;;;;;;;;Impact of adenoma detection on the benefit of faecal testing vs. colonoscopy for colorectal cancer;;;;;;;;INTERNATIONAL JOURNAL OF CANCER;;;;141;11;;;2359;2367;;10.1002/ijc.30933;;;DEC 2017;2017;;;;;;;;;;2;;;;;;;WOS:000412473600020
"not valid",J;Mitani, Aya A., Nelson, Kerrie P.;;;;;;;;Modeling Agreement between Binary Classifications of Multiple Raters in R and SAS;;;;;;;;JOURNAL OF MODERN APPLIED STATISTICAL METHODS;;;;16;2;;;277;309;;10.22237/jmasm/1509495300;;;NOV 2017;2017;;;;;;;;;;0;;;;;;;WOS:000424518400014
"valid",J;Duarte, Elisa, de Sousa, Bruno, Cadarso-Suarez, Carmen, Kneib, Thomas, Rodrigues, Vitor;;;;;;;;Exploring risk factors in breast cancer screening program data using structured geoadditive models with high order interaction;;;;;;;;SPATIAL STATISTICS;;;;22;;;;403;418;;10.1016/j.spasta.2017.07.004;;;NOV 2017;2017;;;;;;;;;;1;;;;;;;WOS:000417466000012
"not valid",J;Chen, Dung-Tsa, Huang, Po-Yu, Lin, Hui-Yi, Chiappori, Alberto A., Gabrilovich, Dmitry I., Haura, Eric B., Antonia, Scott J., Gray, Jhanelle E.;;;;;;;;A Bayesian pick-the-winner design in a randomized phase II clinical trial;;;;;;;;ONCOTARGET;;;;8;51;;;88376;88385;;10.18632/oncotarget.19088;;;OCT 24 2017;2017;;;;;;;;;;0;;;;;;;WOS:000413585600014
"valid",J;Viscondi, J. Y., Faustino, C. G., Campolina, A. G., De Soarez, P. C.;;;;;;;;SYSTEMATIC REVIEW OF MARKOV MODEL-BASED ECONOMIC EVALUATION STUDIES FOR CERVICAL CANCER SCREENING STRATEGIES: LATIN AMERICA COUNTRIES PANORAMA;;;;;;;;VALUE IN HEALTH;;;;20;9;;;A862;A862;;;;;OCT-NOV 2017;2017;;;;;;;;;;0;;;;;;;WOS:000413599903323
"not valid",J;McLeod, Melissa, Kvizhinadzel, Giorgi, Boyd, Matt, Barendregt, Jan, Sarfatil, Diana, Wilson, Nick, Blakely, Tony;;;;;;;;Colorectal Cancer Screening: How Health Gains and Cost-Effectiveness Vary by Ethnic Group, the Impact on Health Inequalities, and the Optimal Age Range to Screen;;;;;;;;CANCER EPIDEMIOLOGY BIOMARKERS & PREVENTION;;;;26;9;;;1391;1400;;10.1158/1055-9965.EPI-17-0150;;;SEP 2017;2017;;;;;;;;;;0;;;;;;;WOS:000412157800005
"not valid",J;Roche, Lisa M., Niu, Xiaoling, Stroup, Antoinette M., Henry, Kevin A.;;;;;;;;Disparities in Female Breast Cancer Stage at Diagnosis in New Jersey: A Spatial-Temporal Analysis;;;;;;;;JOURNAL OF PUBLIC HEALTH MANAGEMENT AND PRACTICE;;;;23;5;;;477;486;;10.1097/PHH.0000000000000524;;;SEP-OCT 2017;2017;;;;;;;;;;0;;;;;;;WOS:000412174500013
"valid",J;van der Meulen, Miriam P., Kapidzic, Atija, van Leerdam, Monique E., van der Steen, Alex, Kuipers, Ernst J., Spaander, Manon C. W., de Koning, Harry J., Hol, Lieke, Lansdorp-Vogelaar, Iris;;;;;;;;Do Men and Women Need to Be Screened Differently with Fecal Immunochemical Testing? A Cost-Effectiveness Analysis;;;;;;;;CANCER EPIDEMIOLOGY BIOMARKERS & PREVENTION;;;;26;8;;;1328;1336;;10.1158/1055-9965.EPI-16-0786;;;AUG 2017;2017;;;;;;;;;;1;;;;;;;WOS:000412226500020
"valid",J;Idigoras, I., Arrospide, A., Portillo, I., Arana-Arri, E., Martinez-Indart, L., Mar, J., de Koning, H. J., Lastra, R., Soto-Gordoa, M., van der Meulen, M., Lansdorp-Vogelaar, I.;;;;;;;;Evaluation of the colorectal cancer screening Programme in the Basque Country (Spain) and its effectiveness based on the Miscan-colon model;;;;;;;;BMC PUBLIC HEALTH;;;;18;;;;;;;10.1186/s12889-017-4639-3;;;AUG 1 2017;2017;;;;;;;;;;0;;;;;;;WOS:000406753600012
"not valid",J;Hyun, Noorie, Cheung, Li C., Pan, Qing, Schiffman, Mark, Katki, Hormuzd A.;;;;;;;;FLEXIBLE RISK PREDICTION MODELS FOR LEFT OR INTERVAL-CENSORED DATA FROM ELECTRONIC HEALTH RECORDS;;;;;;;;ANNALS OF APPLIED STATISTICS;;;;11;2;;;1063;1084;;10.1214/17-AOAS1036;;;JUN 2017;2017;;;;;;;;;;1;;;;;;;WOS:000408732000024
"not valid",J;Hubbard, Rebecca A., Johnson, Eric, Chubak, Jessica, Wernli, Karen J., Kamineni, Aruna, Bogart, Andy, Rutter, Carolyn M.;;;;;;;;Accounting for misclassification in electronic health records-derived exposures using generalized linear finite mixture models;;;;;;;;HEALTH SERVICES AND OUTCOMES RESEARCH METHODOLOGY;;;;17;2;;;101;112;;10.1007/s10742-016-0149-5;;;JUN 2017;2017;;;;;;;;;;0;;;;;;;WOS:000403007300001
"not valid",J;Shih, Y. T., Doug, W., Xu, Y., Yu, S.;;;;;;;;USE OF RELATIVE RISK RATIOS TO PRESENT UNCERTAINTY IN MICROSIMULATION MODELS WITH MULTIPLE COMPARATORS: AN APPLICATION TO BREAST CANCER SCREENING STRATEGIES;;;;;;;;VALUE IN HEALTH;;;;20;5;;;A324;A324;;;;;MAY 2017;2017;;;;;;;;;;0;;;;;;;WOS:000405448004224
"not valid",J;Westwood, Marie, Ramos, Isaac Corro, Lang, Shona, Luyendijk, Marianne, Zaim, Remziye, Stirk, Lisa, Al, Maiwenn, Armstrong, Nigel, Kleijnen, Jos;;;;;;;;Faecal immunochemical tests to triage patients with lower abdominal symptoms for suspected colorectal cancer referrals in primary care: a systematic review and cost-effectiveness analysis;;;;;;;;HEALTH TECHNOLOGY ASSESSMENT;;;;21;33;;;1;+;;10.3310/hta21330;;;MAY 2017;2017;;;;;;;;;;3;;;;;;;WOS:000403928100001
"valid",J;Lich, Kristen Hassmiller, Cornejo, David A., Mayorga, Maria E., Pignone, Michael, Tangka, Florence K. L., Richardson, Lisa C., Kuo, Tzy-Mey, Meyer, Anne-Marie, Hall, Ingrid J., Smith, Judith Lee, Durham, Todd A., Chall, Steven A., Crutchfield, Trisha M., Wheeler, Stephanie B.;;;;;;;;Cost-Effectiveness Analysis of Four Simulated Colorectal Cancer Screening Interventions, North Carolina;;;;;;;;PREVENTING CHRONIC DISEASE;;;;14;;;;;;160158;10.5888/pcd14.160158;;;FEB 2017;2017;;;;;;;;;;2;;;;;;;WOS:000397144800009
"valid",J;Campbell, Leslie Anne, Blake, John T., Kephart, George, Grunfeld, Eva, MacIntosh, Donald;;;;;;;;Understanding the Effects of Competition for Constrained Colonoscopy Services with the Introduction of Population-level Colorectal Cancer Screening: A Discrete Event Simulation Model;;;;;;;;MEDICAL DECISION MAKING;;;;37;2;;;253;263;;10.1177/0272989X16670638;;;FEB 2017;2017;;;;;;;;;;1;;;;;;;WOS:000394361000011
"not valid",J;Wang, Yunchao, Wang, Yonghua, Zhao, Yang, Li, Hao, Kong, Lingqi, Yang, Xuecheng, Wang, Jianning, Niu, Haitao;;;;;;;;The status and development of tumor microenvironment simulation platforms;;;;;;;;INTERNATIONAL JOURNAL OF CLINICAL AND EXPERIMENTAL PATHOLOGY;;;;10;2;;;842;852;;;;;2017;2017;;;;;;;;;;0;;;;;;;WOS:000395739000001
"valid",J;Gogov, D., Muehlberger, N., Iskandar, R., Alimohammadi, Y., Siebert, U.;;;;;;;;Methodological features of prostate cancer screening models - A review of simulation models;;;;;;;;EUROPEAN JOURNAL OF PUBLIC HEALTH;;;;26;;;;386;386;;;;;NOV 2016;2016;;;;;;;;;;0;;;;;;;WOS:000398600404206
"valid",J;Silva, N. S.;;;;;;;;COMPARISON OF MARKOV MODELS USED FOR THE ECONOMIC EVALUATION OF COLORECTAL CANCER SCREENING: A SYSTEMATIC REVIEW;;;;;;;;VALUE IN HEALTH;;;;19;7;;;A372;A372;;10.1016/j.jval.2016.09.150;;;NOV 2016;2016;;;;;;;;;;0;;;;;;;WOS:000396606300135
"not valid",J;Xia, Xiaochao, Jiang, Binyan, Li, Jialiang, Zhang, Wenyang;;;;;;;;Low-dimensional confounder adjustment and high-dimensional penalized estimation for survival analysis;;;;;;;;LIFETIME DATA ANALYSIS;;;;22;4;;;547;569;;10.1007/s10985-015-9350-z;;;OCT 2016;2016;;;;;;;;;;4;;;;;;;WOS:000384534500004
"not valid",J;Saybani, Mahmoud Reza, Teh Ying Wah, Aghabozorgi, Saeed Reza, Shamshirband, Shahaboddin, Kiah, Miss Laiha Mat, Balas, Valentina Emilia;;;;;;;;Diagnosing breast cancer with an improved artificial immune recognition system;;;;;;;;SOFT COMPUTING;;;;20;10;;;4069;4084;;10.1007/s00500-015-1742-1;;;OCT 2016;2016;;;;;;;;;;1;;;;;;;WOS:000384228700021
"not valid",J;Hagar, Yolanda C., Harvey, Danielle J., Beckett, Laurel A.;;;;;;;;A multivariate cure model for left-censored and right-censored data with application to colorectal cancer screening patterns;;;;;;;;STATISTICS IN MEDICINE;;;;35;19;;;3347;3367;;10.1002/sim.6934;;;AUG 30 2016;2016;;;;;;;;;;0;;;;;;;WOS:000380323400008
"valid",J;Joseph, Djenaba A., Meester, Reinier G. S., Zauber, Ann G., Manninen, Diane L., Winges, Linda, Dong, Fred B., Peaker, Brandy, van Ballegooijen, Marjolein;;;;;;;;Colorectal Cancer Screening: Estimated Future Colonoscopy Need and Current Volume and Capacity;;;;;;;;CANCER;;;;122;16;;;2479;2486;;10.1002/cncr.30070;;;AUG 15 2016;2016;;;;;;;;;;16;;;;;;;WOS:000383616600007
"valid",J;Lacombe, J., Gauvreau, C. L., Memon, S., Popadiuk, C., Flanagan, W. M., Nadeau, C., Coldman, A. J., Wolfson, M. C., Miller, A. B.;;;;;;;;EXPLORING THE HEALTH OUTCOMES OF VARIOUS PAN-CANADIAN CERVICAL CANCER SCREENING PROGRAMS USING MICROSIMULATION MODELING.;;;;;;;;AMERICAN JOURNAL OF EPIDEMIOLOGY;;;;184;1;;;79;79;;;;;JUL 1 2016;2016;;;;;;National Student Conference of the Canadian-Society-for-Epidemiology-and-Biostatistics;JUN 08-10, 2016;Canadian Soc Epidemiol & Biostatist;Winnipeg, CANADA;0;;;;;;;WOS:000379760300015
"valid",J;van der Steen, Alex, van Rosmalen, Joost, Kroep, Sonja, van Hees, Frank, Steyerberg, Ewout W., de Koning, Harry J., van Ballegooijen, Marjolein, Lansdorp-Vogelaar, Iris;;;;;;;;Calibrating Parameters for Microsimulation Disease Models: A Review and Comparison of Different Goodness-of-Fit Criteria;;;;;;;;MEDICAL DECISION MAKING;;;;36;5;;;652;665;;10.1177/0272989X16636851;;;JUL 2016;2016;;;;;;;;;;3;;;;;;;WOS:000377144900009
"not valid",J;Shin, Saemina, Mah, Shinmee, Hong, Sungwoo, Park, Hwangseo;;;;;;;;Discovery of Low Micromolar Dual Inhibitors for Wild Type and L1196M Mutant of Anaplastic Lymphoma Kinase through Structure-Based Virtual Screening;;;;;;;;JOURNAL OF CHEMICAL INFORMATION AND MODELING;;;;56;4;;;802;810;;10.1021/acs.jcim.6b00026;;;APR 2016;2016;;;;;;;;;;3;;;;;;;WOS:000375021100017
"not valid",J;Saybani, Mahmoud Reza, Shamshirband, Shahaboddin, Golzari, Shahram, Teh Ying Wah, Saeed, Aghabozorgi, Kiah, Miss Laiha Mat, Balas, Valentina Emilia;;;;;;;;RAIRS2 a new expert system for diagnosing tuberculosis with real-world tournament selection mechanism inside artificial immune recognition system;;;;;;;;MEDICAL & BIOLOGICAL ENGINEERING & COMPUTING;;;;54;2-3;;;385;399;;10.1007/s11517-015-1323-6;;;MAR 2016;2016;;;;;;;;;;1;;;;;;;WOS:000372926000012
"not valid",J;Roy, Tanusree, Barman, Soma;;;;;;;;Performance Analysis of Network Model to Identify Healthy and Cancerous Colon Genes;;;;;;;;IEEE JOURNAL OF BIOMEDICAL AND HEALTH INFORMATICS;;;;20;2;;;710;716;;10.1109/JBHI.2015.2408366;;;MAR 2016;2016;;;;;;;;;;2;;;;;;;WOS:000372631500028
"not valid",J;Wong, Martin C. S., Ching, Jessica Y. L., Chan, Victor C. W., Lam, Thomas Y. T., Luk, Arthur K. C., Wong, Sunny H., Ng, Siew C., Wong, Vincent W. S., Ng, Simon S. M., Wu, Justin C. Y., Chan, Francis K. L., Sung, Joseph J. Y.;;;;;;;;Screening strategies for colorectal cancer among patients with nonalcoholic fatty liver disease and family history;;;;;;;;INTERNATIONAL JOURNAL OF CANCER;;;;138;3;;;576;583;;10.1002/ijc.29809;;;FEB 1 2016;2016;;;;;;;;;;2;;;;;;;WOS:000369162000006
"valid",J;Haghighat, Shahpar, Akbari, Mohammad Esmaeil, Yavari, Parvin, Javanbakht, Mehdi, Ghaffari, Shahram;;;;;;;;Cost-Effectiveness of Three Rounds of Mammography Breast Cancer Screening in Iranian Women;;;;;;;;INTERNATIONAL JOURNAL OF CANCER MANAGEMENT;;;;9;1;;;;;UNSP e5443;10.17795/ijcp-5443;;;FEB 2016;2016;;;;;;;;;;0;;;;;;;WOS:000443947700002
"valid",J;Haghighat, Shahpar, Akbari, Mohammad Esmaeil, Yavari, Parvin, Javanbakht, Mehdi, Ghaffari, Shahram;;;;;;;;Cost-Effectiveness of Three Rounds of Mammography Breast Cancer Screening in Iranian Women;;;;;;;;IRANIAN JOURNAL OF CANCER PREVENTION;;;;9;1;;;;;UNSP e5443;10.17795/ijcp-5443;;;FEB 2016;2016;;;;;;;;;;0;;;;;;;WOS:000383533600012
"not valid",J;Kim, Yeonhee, Kong, Lan;;;;;;;;Improving Classification Accuracy by Combining Longitudinal Biomarker Measurements Subject to Detection Limits;;;;;;;;STATISTICS IN BIOPHARMACEUTICAL RESEARCH;;;;8;2;;;171;178;;10.1080/19466315.2016.1142889;;;2016;2016;;;;;;;;;;0;;;;;;;WOS:000388285400004
"not valid",J;Iovanescu, Dana, Frandes, Mirela, Lungeanu, Diana, Burlea, Amelia, Miutescu, Bogdan P., Miutescu, Eftimie;;;;;;;;Diagnosis reliability of combined flexible sigmoidoscopy and fecal-immunochemical test in colorectal neoplasia screening;;;;;;;;ONCOTARGETS AND THERAPY;;;;9;;;;6819;6828;;10.2147/OTT.S122425;;;2016;2016;;;;;;;;;;3;;;;;;;WOS:000387369000001
"valid",J;Landoni, Elena, Ambrogi, Federico, Mariani, Luigi, Miceli, Rosalba;;;;;;;;Parametric and nonparametric two-sample tests for feature screening in class comparison: a simulation study;;;;;;;;EPIDEMIOLOGY BIOSTATISTICS AND PUBLIC HEALTH;;;;13;2;;;;;UNSP e11808;10.2427/11808;;;2016;2016;;;;;;;;;;0;;;;;;;WOS:000378646300009
"not valid",J;Hsieh, Jeff Ching-Fu, Cramb, Susanna M., McGree, James M., Dunn, Nathan A. M., Baade, Peter D., Mengersen, Kerrie L.;;;;;;;;Does geographic location impact the survival differential between screen- and interval-detected breast cancers?;;;;;;;;STOCHASTIC ENVIRONMENTAL RESEARCH AND RISK ASSESSMENT;;;;30;1;;;155;165;;10.1007/s00477-015-1050-4;;;JAN 2016;2016;;;;;;;;;;4;;;;;;;WOS:000371317300012
"valid",J;Wan, W.;;;;;;;;Simulation modeling of lung cancer screening cost-effectiveness analysis;;;;;;;;ANNALS OF ONCOLOGY;;;;26;;;;156;156;;;;;DEC 2015;2015;;;;;;Asia Congress of the European-Society-for-Medical-Oncology (ESMO);DEC 18-21, 2015;European Soc Med Oncol;Singapore, SINGAPORE;0;;;;;;;WOS:000367158700505
"not valid",J;Li, Jing, Dong, Ming, Ren, Yijiong, Yin, Kaiqi;;;;;;;;How patient compliance impacts the recommendations for colorectal cancer screening;;;;;;;;JOURNAL OF COMBINATORIAL OPTIMIZATION;;;;30;4;;;920;937;;10.1007/s10878-015-9849-y;;;NOV 2015;2015;;;;;;;;;;0;;;;;;;WOS:000363033600007
"valid",J;Comas, M., Andreu, M., Guerrero-Luduena, R. E., Bessa, X., Balague, F., Castells, X.;;;;;;;;PREDICTING FUTURE NEED OF RESOURCES FOR ADENOMA SURVEILLANCE FROM A POPULATION-BASED COLORECTAL CANCER SCREENING PROGRAM THROUGH DISCRETE EVENT SIMULATION;;;;;;;;VALUE IN HEALTH;;;;18;7;;;A465;A465;;10.1016/j.jval.2015.09.1217;;;NOV 2015;2015;;;;;;;;;;0;;;;;;;WOS:000384252400717
"valid",J;O'Mahony, J. F.;;;;;;;;REVISITING THE SIMULATION EVIDENCE FOR THE INCREMENTAL COST-EFFECTIVENESS OF BREAST CANCER SCREENING OF AVERAGE-RISK WOMEN;;;;;;;;VALUE IN HEALTH;;;;18;7;;;A453;A453;;10.1016/j.jval.2015.09.1151;;;NOV 2015;2015;;;;;;;;;;0;;;;;;;WOS:000384252400652
"valid",J;Soloviov, S., Artemchuk, H., Kovalyuk, O., Dzyublyk, I, Dutchak, I;;;;;;;;CONSTRUCTION OF SIMULATION TECHNIQUES FOR DEVELOPMENT OF OPTIMAL CERVICAL CANCER SCREENING STRATEGIES: EXPERIENCE OF UKRAINE;;;;;;;;VALUE IN HEALTH;;;;18;7;;;A689;A690;;10.1016/j.jval.2015.09.2559;;;NOV 2015;2015;;;;;;18th ISPOR Annual European Congress;NOV 07-11, 2015;;Milan, ITALY;0;;;;;;;WOS:000209861400063
"valid",J;Koleva-Kolarova, R. G., Zhan, Z., Greuter, M. J. W., Feenstra, T. L., De Bock, G. H.;;;;;;;;To screen or not to screen for breast cancer? How do modelling studies answer the question?;;;;;;;;CURRENT ONCOLOGY;;;;22;5;;;E380;E382;;10.3747/co.22.2889;;;OCT 2015;2015;;;;;;;;;;5;;;;;;;WOS:000363317900011
"valid",J;Evans, William K., Gofffin, John, Flanagan, William, Miller, Anthony, Fitzgerald, Natalie, Memon, Saima, Fung, Sharon, Wolfson, Michael;;;;;;;;The Cancer Risk Management Model: A Tool to Inform Canadian Policymakers Implementing Low-Dose CT Screening for Lung Cancer;;;;;;;;JOURNAL OF THORACIC ONCOLOGY;;;;10;9;;;S192;S192;;;;;SEP 2015;2015;;;;;;;;;;0;;;;;;;WOS:000370365100260
"not valid",J;Gupta, R., Sarwar, A., Sharma, V., Suri, J., Ali, M.;;;;;;;;Novel benchmark database of digitized and calibrated cervical cells for Artificial Intelligence based screening of cervical cancer;;;;;;;;EUROPEAN JOURNAL OF CANCER;;;;51;;;;S138;S138;;10.1016/S0959-8049(16)30405-1;;;SEP 2015;2015;;;;;;European Cancer Congress;2015;;Vienna, AUSTRIA;0;;;;;;;WOS:000361887400418
"not valid",J;Willis, Brian H., Hyde, Christopher J.;;;;;;;;What is the test's accuracy in my practice population? Tailored meta-analysis provides a plausible estimate;;;;;;;;JOURNAL OF CLINICAL EPIDEMIOLOGY;;;;68;8;;;847;854;;10.1016/j.jclinepi.2014.10.002;;;AUG 2015;2015;;;;;;;;;;4;;;;;;;WOS:000357623700002
"not valid",J;Meester, Reinier G. S., Doubeni, Chyke A., Zauber, Ann G., Goede, S. Luuk, Levin, Theodore R., Corley, Douglas A., Jemal, Ahmedin, Lansdorp-Vogelaar, Iris;;;;;;;;Public health impact of achieving 80% colorectal cancer screening rates in the United States by 2018;;;;;;;;CANCER;;;;121;13;;;2281;2285;;10.1002/cncr.29336;;;JUL 1 2015;2015;;;;;;;;;;54;;;;;;;WOS:000356433600027
"valid",J;Heijnsdijk, Eveline A. M., de Koning, Harry J.;;;;;;;;RE: Cost-effectiveness of Prostate Cancer Screening: A Simulation Study Based on ERSPC Data Response;;;;;;;;JNCI-JOURNAL OF THE NATIONAL CANCER INSTITUTE;;;;107;6;;;;;djv111;10.1093/jnci/djv111;;;JUN 2015;2015;;;;;;;;;;0;;;;;;;WOS:000356244500017
"valid",J;Noordzij, M. Arjen, Blanker, Marco H.;;;;;;;;RE: Cost-effectiveness of Prostate Cancer Screening: A Simulation Study Based on ERSPC Data;;;;;;;;JNCI-JOURNAL OF THE NATIONAL CANCER INSTITUTE;;;;107;6;;;;;djv110;10.1093/jnci/djv110;;;JUN 2015;2015;;;;;;;;;;2;;;;;;;WOS:000356244500016
"not valid",J;van der Steen, Alex, Knudsen, Amy B., van Hees, Frank, Walter, Gailya P., Berger, Franklin G., Daguise, Virginie G., Kuntz, Karen M., Zauber, Ann G., van Ballegooijen, Marjolein, Lansdorp-Vogelaar, Iris;;;;;;;;Optimal Colorectal Cancer Screening in States' Low-Income, Uninsured PopulationsThe Case of South Carolina;;;;;;;;HEALTH SERVICES RESEARCH;;;;50;3;;;768;789;;10.1111/1475-6773.12246;;;JUN 2015;2015;;;;;;;;;;5;;;;;;;WOS:000354878300009
"not valid",J;Wilson, Fernando A., Villarreal, Roberto, Stimpson, Jim P., Pagan, Jose A.;;;;;;;;Cost-Effectiveness Analysis of a Colonoscopy Screening Navigator Program Designed for Hispanic Men;;;;;;;;JOURNAL OF CANCER EDUCATION;;;;30;2;;;260;267;;10.1007/s13187-014-0718-7;;;JUN 2015;2015;;;;;;;;;;8;;;;;;;WOS:000353808100011
"not valid",J;Barzi, Afsaneh, Sadeghi, Sarmad, Kattan, Michael W., Meropol, Neal J.;;;;;;;;Comparative Effectiveness of Screening Strategies for Lynch Syndrome;;;;;;;;JNCI-JOURNAL OF THE NATIONAL CANCER INSTITUTE;;;;107;4;;;;;djv005;10.1093/jnci/djv005;;;APR 2015;2015;;;;;;;;;;11;;;;;;;WOS:000355082500009
"valid",J;Coldman, A. J., Phillips, N., Brisson, J., Flanagan, W., Wolfson, M., Nadeau, C., Fitzgerald, N., Miller, A. B.;;;;;;;;Using the Cancer Risk Management Model to evaluate colorectal cancer screening options for Canada;;;;;;;;Current Oncology;;;;22;2;;;E41;E50;;10.3747/co.22.2013;;;APR 2015;2015;;;;;;;;;;10;;;;;;;WOS:000353292200001
"not valid",J;Yu, Wen, Chen, Kani, Sobel, Michael E., Ying, Zhiliang;;;;;;;;Semiparametric transformation models for causal inference in time-to-event studies with all-or-nothing compliance;;;;;;;;JOURNAL OF THE ROYAL STATISTICAL SOCIETY SERIES B-STATISTICAL METHODOLOGY;;;;77;2;;;397;415;;10.1111/rssb.12072;;;MAR 2015;2015;;;;;;;;;;2;;;;;;;WOS:000349206900004
"valid",J;Fitzgerald, Natalie R., Asakawa, Keiko, Coldman, Andrew, Evans, William K., Flanagan, William M., Gribble, Steve, Lockwood, Gina, Memon, Saima, Miller, Anthony B., Nadeau, Claude, Popadiuk, Cathy, Wolfson, Michael C.;;;;;;;;ACCELERATING DECISION-MAKING WITH MICROSIMULATION: THE ADOPTION OF EVIDENCE IN CERVICAL CANCER SCREENING;;;;;;;;ASIA-PACIFIC JOURNAL OF CLINICAL ONCOLOGY;;;;10;;;;5;5;;;;;DEC 2014;2014;;;;;;;;;;0;;;;;;;WOS:000346343700015
"valid",J;Carney, Timothy Jay, Morgan, Geoffrey P., Jones, Josette, McDaniel, Anna M., Weaver, Michael, Weiner, Bryan, Haggstrom, David A.;;;;;;;;Using computational modeling to assess the impact of clinical decision support on cancer screening improvement strategies within the community health centers;;;;;;;;JOURNAL OF BIOMEDICAL INFORMATICS;;;;51;;;;200;209;;10.1016/j.jbi.2014.05.012;;;OCT 2014;2014;;;;;;;;;;4;;;;;;;WOS:000343362800021
"valid",J;Sato, Miho, Kawai, Masaaki, Nishino, Yoshikazu, Shibuya, Daisuke, Ohuchi, Noriaki, Ishibashi, Tadashi;;;;;;;;Cost-effectiveness analysis for breast cancer screening: double reading versus single plus CAD reading;;;;;;;;BREAST CANCER;;;;21;5;;;532;541;;10.1007/s12282-012-0423-5;;;SEP 2014;2014;;;;;;;;;;5;;;;;;;WOS:000342082100003
"not valid",J;Yeh, Hung-Wen, Gajewski, Byron J., Perdue, David G., Cully, Angel, Cully, Lance, Greiner, K. Allen, Choi, Won S., Daley, Christine Makosy;;;;;;;;Sorting it out: pile sorting as a mixed methodology for exploring barriers to cancer screening;;;;;;;;QUALITY & QUANTITY;;;;48;5;;;2569;2587;;10.1007/s11135-013-9908-3;;;SEP 2014;2014;;;;;;;;;;4;;;;;;;WOS:000340084500012
"not valid",J;Roso-Llorach, Albert, Forne, Caries, Macia, Francesc, Galceran, Jaume, Marcos-Gragera, Rafael, Rue, Montserrat;;;;;;;;Assessing the impact of early detection biases on breast cancer survival of Catalan women;;;;;;;;SORT-STATISTICS AND OPERATIONS RESEARCH TRANSACTIONS;;;;38;2;;;139;160;;;;;JUL-DEC 2014;2014;;;;;;;;;;0;;;;;;;WOS:000346689100003
"not valid",J;Hirales Casillas, Carlos Enrique, Flores Fernandez, Jose Miguel, Padilla Camberos, Eduardo, Herrera Lopez, Enrique J., Leal Pacheco, Gisela, Martinez Velazquez, Moises;;;;;;;;Current status of circulating protein biomarkers to aid the early detection of lung cancer;;;;;;;;FUTURE ONCOLOGY;;;;10;8;;;1501;1513;;10.2217/FON.14.21;;;JUN 2014;2014;;;;;;;;;;11;;;;;;;WOS:000340277400020
"not valid",J;Greuter, Marjolein J. E., Xu, Xiang-Ming, Lew, Jie-Bin, Dekker, Evelien, Kuipers, Ernst J., Canfell, Karen, Meijer, Gerrit A., Coupe, Veerle M. H.;;;;;;;;Modeling the Adenoma and Serrated Pathway to Colorectal CAncer (ASCCA);;;;;;;;RISK ANALYSIS;;;;34;5;;;889;910;;10.1111/risa.12137;;;MAY 2014;2014;;;;;;;;;;12;;;;;;;WOS:000335881700011
"valid",J;Wu, Dongfeng, Kafadar, Karen, Rosner, Gary L.;;;;;;;;INFERENCE OF LONG TERM EFFECTS AND OVERDIAGNOSIS IN PERIODIC CANCER SCREENING;;;;;;;;STATISTICA SINICA;;;;24;2;;;815;831;;10.5705/ss.2012.067;;;APR 2014;2014;;;;;;;;;;1;;;;;;;WOS:000337114800014
"valid",J;Zai, Adrian H., Kim, Seokjin, Kamis, Arnold, Hung, Ken, Ronquillo, Jeremiah G., Chueh, Henry C., Atlas, Steven J.;;;;;;;;Applying operations research to optimize a novel population management system for cancer screening;;;;;;;;JOURNAL OF THE AMERICAN MEDICAL INFORMATICS ASSOCIATION;;;;21;E1;;;E129;E135;;10.1136/amiajnl-2013-001681;;;FEB 2014;2014;;;;;;;;;;12;;;;;;;WOS:000337672800020
"not valid",J;Hsieh, Jeff Ching-Fu, Cramb, Susanna M., McGree, James M., Baade, Peter D., Dunn, Nathan A. M., Mengersen, Kerrie L.;;;;;;;;BAYESIAN SPATIAL ANALYSIS FOR THE EVALUATION OF BREAST CANCER DETECTION METHODS;;;;;;;;AUSTRALIAN & NEW ZEALAND JOURNAL OF STATISTICS;;;;55;4;;;351;367;;10.1111/anzs.12059;;;DEC 2013;2013;;;;;;;;;;3;;;;;;;WOS:000331068700001
"not valid",J;Sherer, Eric A., Ambedkar, Sanmit, Perng, Sally, Yih, Yuehwern, Imperiale, Thomas F.;;;;;;;;A predictive model of longitudinal, patient-specific colonoscopy results;;;;;;;;COMPUTER METHODS AND PROGRAMS IN BIOMEDICINE;;;;112;3;;;563;579;;10.1016/j.cmpb.2013.07.007;;;DEC 2013;2013;;;;;;;;;;3;;;;;;;WOS:000325750100020
"not valid",J;Stollenwerk, Bjoern, Gandjour, Afschin, Luengen, Markus, Siebert, Uwe;;;;;;;;Accounting for increased non-target-disease-specific mortality in decision-analytic screening models for economic evaluation;;;;;;;;EUROPEAN JOURNAL OF HEALTH ECONOMICS;;;;14;6;;;1035;1048;;10.1007/s10198-012-0454-z;;;DEC 2013;2013;;;;;;;;;;1;;;;;;;WOS:000326111200019
"valid",J;Goffin, John R., Flanagan, William M., Miller, Anthony B., Liu, Fei Fei, Cressman, Sonya, Fitzgerald, Natalie, Fung, Sharon, Wolfson, Michael C., Evans, William;;;;;;;;BIENNIAL LUNG CANCER SCREENING BY LOW-DOSE CT SCAN - A SIMULATION OF COST EFFECTIVENESS IN CANADA;;;;;;;;JOURNAL OF THORACIC ONCOLOGY;;;;8;;;;S149;S149;;;;;NOV 2013;2013;;;;;;;;;;0;;;;;;;WOS:000339624900179
"valid",J;Arrospide, A., Mar, J., Comas, M., Rue, M., Larranaga, N., Acaiturri, T., Sarriugarte, G.;;;;;;;;BREAST CANCER SCREENING PROGRAM IN THE BASQUE COUNTRY: COSTS AND HEALTH BENEFITS ASESSMENT THROUGH DISCRETE EVENT SIMULATION;;;;;;;;VALUE IN HEALTH;;;;16;7;;;A399;A400;;10.1016/j.jval.2013.08.442;;;NOV 2013;2013;;;;;;;;;;0;;;;;;;WOS:000326247600426
"not valid",J;Rupert, Douglas J., Squiers, Linda B., Renaud, Jeanette M., Whitehead, Nedra S., Osborn, Roger J., Furberg, Robert D., Squire, Claudia M., Tzeng, Janice P.;;;;;;;;Communicating risk of hereditary breast and ovarian cancer with an interactive decision support tool;;;;;;;;PATIENT EDUCATION AND COUNSELING;;;;92;2;;;188;196;;10.1016/j.pec.2013.04.008;;;AUG 2013;2013;;;;;;;;;;10;;;;;;;WOS:000323806100009
"valid",J;Cronin, Paula, Goodall, Stephen, Lockett, Trevor, O'Keefe, Christine M., Norman, Richard, Church, Jody;;;;;;;;COST-EFFECTIVENESS OF AN ADVANCE NOTIFICATION LETTER TO INCREASE COLORECTAL CANCER SCREENING;;;;;;;;INTERNATIONAL JOURNAL OF TECHNOLOGY ASSESSMENT IN HEALTH CARE;;;;29;3;;;261;268;;10.1017/S0266462313000226;;;JUL 2013;2013;;;;;;;;;;4;;;;;;;WOS:000321904200006
"not valid",J;Juergens, Verena, Ess, Silvia, Phuleria, Harish C., Frueh, Martin, Schwenkglenks, Matthias, Frick, Harald, Cerny, Thomas, Vounatsou, Penelope;;;;;;;;Bayesian spatio-temporal modelling of tobacco-related cancer mortality in Switzerland;;;;;;;;GEOSPATIAL HEALTH;;;;7;2;;;219;236;;;;;MAY 2013;2013;;;;;;;;;;4;;;;;;;WOS:000323554000006
"not valid",J;Aya-Bonilla, Carlos, Green, Michael R., Camilleri, Emily, Benton, Miles, Keane, Colm, Marlton, Paula, Lea, Rod, Gandhi, Maher K., Griffiths, Lyn R.;;;;;;;;High-resolution loss of heterozygosity screening implicates PTPRJ as a potential tumor suppressor gene that affects susceptibility to non-hodgkin's lymphoma;;;;;;;;GENES CHROMOSOMES & CANCER;;;;52;5;;;467;479;;10.1002/gcc.22044;;;MAY 2013;2013;;;;;;;;;;10;;;;;;;WOS:000316325700003
"not valid",J;Kumar, Ashutosh, Ito, Akihiro, Hirohama, Mikako, Yoshida, Minoru, Zhang, Kam Y. J.;;;;;;;;Identification of Sumoylation Activating Enzyme 1 Inhibitors by Structure-Based Virtual Screening;;;;;;;;JOURNAL OF CHEMICAL INFORMATION AND MODELING;;;;53;4;;;809;820;;10.1021/ci300618e;;;APR 2013;2013;;;;;;;;;;25;;;;;;;WOS:000318060200009
"not valid",J;Kar, R. K., Suryadevara, P., Sahoo, B. R., Sahoo, G. C., Dikhit, M. R., Das, P.;;;;;;;;Exploring novel KDR inhibitors based on pharmaco-informatics methodology;;;;;;;;SAR AND QSAR IN ENVIRONMENTAL RESEARCH;;;;24;3;;;215;234;;10.1080/1062936X.2013.765912;;;MAR 1 2013;2013;;;;;;;;;;16;;;;;;;WOS:000316078400003
"not valid",J;Taghipour, S., Banjevic, D., Miller, A. B., Montgomery, N., Jardine, A. K. S., Harvey, B. J.;;;;;;;;Parameter estimates for invasive breast cancer progression in the Canadian National Breast Screening Study;;;;;;;;BRITISH JOURNAL OF CANCER;;;;108;3;;;542;548;;10.1038/bjc.2012.596;;;FEB 19 2013;2013;;;;;;;;;;10;;;;;;;WOS:000316523400010
"not valid",J;Bhattacharjee, Biplab, Chatterjee, Jhinuk;;;;;;;;Identification of Proapoptopic, Anti-Inflammatory, Anti-Proliferative, Anti-Invasive and Anti-Angiogenic Targets of Essential Oils in Cardamom by Dual Reverse Virtual Screening and Binding Pose Analysis;;;;;;;;ASIAN PACIFIC JOURNAL OF CANCER PREVENTION;;;;14;6;;;3735;3742;;10.7314/APJCP.2013.14.6.3735;;;2013;2013;;;;;;;;;;23;;;;;;;WOS:000331517700059
"not valid",J;Kim, Minsup, Lee, Keun Woo, Cho, Art E.;;;;;;;;Elucidation of Allosteric Inhibition Mechanism of 2-Cys Human Peroxiredoxin by Molecular Modeling;;;;;;;;JOURNAL OF CHEMICAL INFORMATION AND MODELING;;;;52;12;;;3278;3283;;10.1021/ci3004495;;;DEC 2012;2012;;;;;;;;;;1;;;;;;;WOS:000312563800017
"valid",J;Comas, M., Arrospide, A., Mendivil, J., Mar, J., Hernandez, C., Buron, A., Andreu, M., Castells, X.;;;;;;;;ESTIMATING THE RESOURCES NEEDED TO IMPLEMENT A POPULATION-BASED COLORECTAL CANCER SCREENING PROGRAM THROUGH DISCRETE EVENT SIMULATION;;;;;;;;VALUE IN HEALTH;;;;15;7;;;A527;A527;;10.1016/j.jval.2012.08.1825;;;NOV 2012;2012;;;;;;;;;;0;;;;;;;WOS:000312411101416
"not valid",J;Adimari, Gianfranco, Chiogna, Monica;;;;;;;;JACKKNIFE EMPIRICAL LIKELIHOOD BASED CONFIDENCE INTERVALS FOR PARTIAL AREAS UNDER ROC CURVES;;;;;;;;STATISTICA SINICA;;;;22;4;;;1457;1477;;10.5705/ss.2011.088;;;OCT 2012;2012;;;;;;;;;;7;;;;;;;WOS:000311812800012
"not valid",J;Siebert, Uwe, Alagoz, Oguzhan, Bayoumi, Ahmed M., Jahn, Beate, Owens, Douglas K., Cohen, David J., Kuntz, Karen M.;;;;;;;;State-Transition Modeling: A Report of the ISPOR-SMDM Modeling Good Research Practices Task Force-3;;;;;;;;MEDICAL DECISION MAKING;;;;32;5;;;690;700;;10.1177/0272989X12455463;;;SEP-OCT 2012;2012;;;;;;;;;;85;;;;;;;WOS:000310163100007
"not valid",J;Siebert, Uwe, Alagoz, Oguzhan, Bayoumi, Ahmed M., Jahn, Beate, Owens, Douglas K., Cohen, David J., Kuntz, Karen M.;;ISPOR-SMDM Modeling Good Res Pract;;;;;;State-Transition Modeling: A Report of the ISPOR-SMDM Modeling Good Research Practices Task Force-3;;;;;;;;VALUE IN HEALTH;;;;15;6;;;812;820;;10.1016/j.jval.2012.06.014;;;SEP-OCT 2012;2012;;;;;;;;;;132;;;;;;;WOS:000309109800006
"not valid",J;McMahon, Pamela M., Kong, Chung Yin, Johnson, Bruce E., Weinstein, Milton C., Weeks, Jane C., Tramontano, Angela C., Cipriano, Lauren E., Bouzan, Colleen, Gazelle, G. Scott;;;;;;;;The MGH-HMS Lung Cancer Policy Model: Tobacco Control Versus Screening;;;;;;;;RISK ANALYSIS;;;;32;;;;S117;S124;;10.1111/j.1539-6924.2011.01652.x;;;AUG 2012;2012;;;;;;;;;;21;;;;;;;WOS:000307339300010
"valid",J;Schultz, F. W., Boer, R., de Koning, H. J.;;;;;;;;Description of MISCAN-Lung, the Erasmus MC Lung Cancer Microsimulation Model for Evaluating Cancer Control Interventions;;;;;;;;RISK ANALYSIS;;;;32;;;;S85;S98;;10.1111/j.1539-6924.2011.01752.x;;;AUG 2012;2012;;;;;;;;;;8;;;;;;;WOS:000307339300008
"not valid",J;Lansdorp-Vogelaar, Iris, Kuntz, Karen M., Knudsen, Amy B., van Ballegooijen, Marjolein, Zauber, Ann G., Jemal, Ahmedin;;;;;;;;Contribution of Screening and Survival Differences to Racial Disparities in Colorectal Cancer Rates;;;;;;;;CANCER EPIDEMIOLOGY BIOMARKERS & PREVENTION;;;;21;5;;;728;736;;10.1158/1055-9965.EPI-12-0023;;;MAY 2012;2012;;;;;;;;;;66;;;;;;;WOS:000303908200006
"not valid",J;Lowry, Kathryn P., Lee, Janie M., Kong, Chung Y., McMahon, Pamela M., Gilmore, Michael E., Chubiz, Jessica E. Cott, Pisano, Etta D., Gatsonis, Constantine, Ryan, Paula D., Ozanne, Elissa M., Gazelle, G. Scott;;;;;;;;Annual screening strategies in BRCA1 and BRCA2 gene mutation carriers;;;;;;;;CANCER;;;;118;8;;;2021;2030;;10.1002/cncr.26424;;;APR 15 2012;2012;;;;;;;;;;44;;;;;;;WOS:000302543600009
"not valid",J;Mukherjee, Bhramar, Ahn, Jaeil, Gruber, Stephen B., Chatterjee, Nilanjan;;;;;;;;Testing Gene-Environment Interaction in Large-Scale Case-Control Association Studies: Possible Choices and Comparisons;;;;;;;;AMERICAN JOURNAL OF EPIDEMIOLOGY;;;;175;3;;;177;190;;10.1093/aje/kwr367;;;FEB 1 2012;2012;;;;;;;;;;64;;;;;;;WOS:000299596200003
"not valid",J;Goldwasser, Deborah Lynn, Kimmel, Marek;;;;;;;;Small Tumor Diameter at Cure Threshold (< 20mm) Among Aggressive Lung Cancers Predicts both Chest X-ray and CT Screening Outcomes in a Novel Simulation Framework;;;;;;;;CLINICAL CANCER RESEARCH;;;;18;3;;;;;;10.1158/1078-0432.12AACRIASLC-A14;;;FEB 2012;2012;;;;;;;;;;0;;;;;;;WOS:000209848500039
"valid",J;Wang, Zhen-Hua, Gao, Qin-Yan, Fang, Jing-Yuan;;;;;;;;Repeat Colonoscopy Every 10 Years or Single Colonoscopy for Colorectal Neoplasm Screening in Average-risk Chinese: A Cost-effectiveness Analysis;;;;;;;;ASIAN PACIFIC JOURNAL OF CANCER PREVENTION;;;;13;5;;;1761;1766;;10.7314/APJCP.2012.13.5.1761;;;2012;2012;;;;;;;;;;4;;;;;;;WOS:000309470100010
"valid",J;Morrell, Christopher H., Brant, Larry J., Sheng, Shan, Metter, E. Jeffrey;;;;;;;;Screening for prostate cancer using multivariate mixed-effects models;;;;;;;;JOURNAL OF APPLIED STATISTICS;;;;39;6;;;1151;1175;;10.1080/02664763.2011.644523;;;2012;2012;;;;;;;;;;7;;;;;;;WOS:000304484400001
"not valid",J;Saleem, Jason J., Haggstrom, David A., Militello, Laura G., Flanagan, Mindy, Kiess, Chris L., Arbuckle, Nicole, Doebbeling, Bradley N.;;;;;;;;Redesign of a computerized clinical reminder for colorectal cancer screening: a human-computer interaction evaluation;;;;;;;;BMC MEDICAL INFORMATICS AND DECISION MAKING;;;;11;;;;;;74;10.1186/1472-6947-11-74;;;NOV 29 2011;2011;;;;;;;;;;11;;;;;;;WOS:000298911900001
"valid",J;McMahon, Pamela M., Kong, Chung Yin, Bouzan, Colleen, Weinstein, Milton C., Cipriano, Lauren E., Tramontano, Angela C., Johnson, Bruce E., Weeks, Jane C., Gazelle, G. Scott;;;;;;;;Cost-Effectiveness of Computed Tomography Screening for Lung Cancer in the United States;;;;;;;;JOURNAL OF THORACIC ONCOLOGY;;;;6;11;;;1841;1848;;10.1097/JTO.0b013e31822e59b3;;;NOV 2011;2011;;;;;;;;;;128;;;;;;;WOS:000296700400009
"valid",J;Wilschut, Janneke A., Steyerberg, Ewout W., van Leerdam, Monique E., Lansdorp-Vogelaar, Iris, Habbema, J. Dik F., van Ballegooijen, Marjolein;;;;;;;;How Much Colonoscopy Screening Should Be Recommended to Individuals With Various Degrees of Family History of Colorectal Cancer?;;;;;;;;CANCER;;;;117;18;;;4166;4174;;10.1002/cncr.26009;;;SEP 15 2011;2011;;;;;;;;;;19;;;;;;;WOS:000295186000012
"not valid",J;Rutter, Carolyn M., Miglioretti, Diana L., Savarino, James E.;;;;;;;;Evaluating risk factor assumptions: a simulation-based approach;;;;;;;;BMC MEDICAL INFORMATICS AND DECISION MAKING;;;;11;;;;;;55;10.1186/1472-6947-11-55;;;SEP 7 2011;2011;;;;;;;;;;1;;;;;;;WOS:000295419000001
"valid",J;de Gelder, Rianne, Fracheboud, Jacques, Heijnsdijk, Eveline A. M., den Heeten, Gerard, Verbeek, Andre L. M., Broeders, Mireille J. M., Draisma, Gerrit, de Koning, Harry J.;;;;;;;;Digital mammography screening: Weighing reduced mortality against increased overdiagnosis;;;;;;;;PREVENTIVE MEDICINE;;;;53;3;;;134;140;;10.1016/j.ypmed.2011.06.009;;;SEP 1 2011;2011;;;;;;;;;;31;;;;;;;WOS:000295203600012
"not valid",J;Gudgeon, James M., Williams, Janet L., Burt, Randall W., Samowitz, Wade S., Snow, Gregory L., Williams, Marc S.;;;;;;;;Lynch Syndrome Screening Implementation: Business Analysis by a Healthcare System;;;;;;;;AMERICAN JOURNAL OF MANAGED CARE;;;;17;8;;;E288;E300;;;;;AUG 2011;2011;;;;;;;;;;32;;;;;;;WOS:000294158400001
"not valid",J;Mitchell, Suzanne, Heyden, Robin, Heyden, Neil, Schroy, Paul, Andrew, Stephen, Sadikova, Ekaterina, Wiecha, John;;;;;;;;A Pilot Study of Motivational Interviewing Training in a Virtual World;;;;;;;;JOURNAL OF MEDICAL INTERNET RESEARCH;;;;13;3;;;;;e77;10.2196/jmir.1825;;;JUL-SEP 2011;2011;;;;;;;;;;26;;;;;;;WOS:000296260500022
"valid",J;Kuntz, Karen M., Lansdorp-Vogelaar, Iris, Rutter, Carolyn M., Knudsen, Amy B., van Ballegooijen, Marjolein, Savarino, James E., Feuer, Eric J., Zauber, Ann G.;;;;;;;;A Systematic Comparison of Microsimulation Models of Colorectal Cancer: The Role of Assumptions about Adenoma Progression;;;;;;;;MEDICAL DECISION MAKING;;;;31;4;;;530;539;;10.1177/0272989X11408730;;;JUL-AUG 2011;2011;;;;;;;;;;45;;;;;;;WOS:000292732800004
"valid",J;van Ballegooijen, Marjolein, Rutter, Carolyn M., Knudsen, Amy B., Zauber, Ann G., Savarino, James E., Lansdorp-Vogelaar, Iris, Boer, Rob, Feuer, Eric J., Habbema, J. Dik F., Kuntz, Karen M.;;;;;;;;Clarifying Differences in Natural History between Models of Screening: The Case of Colorectal Cancer;;;;;;;;MEDICAL DECISION MAKING;;;;31;4;;;540;549;;10.1177/0272989X11408915;;;JUL-AUG 2011;2011;;;;;;;;;;23;;;;;;;WOS:000292732800005
"not valid",J;Parast, Layla, Cheng, Su-Chun, Cai, Tianxi;;;;;;;;Incorporating short-term outcome information to predict long-term survival with discrete markers;;;;;;;;BIOMETRICAL JOURNAL;;;;53;2;;;294;307;;10.1002/bimj.201000150;;;MAR 2011;2011;;;;;;;;;;11;;;;;;;WOS:000288032400009
"not valid",J;Gopalappa, Chaitra, Aydogan-Cremaschi, Selen, Das, Tapas K., Orcun, Seza;;;;;;;;Probability model for estimating colorectal polyp progression rates;;;;;;;;HEALTH CARE MANAGEMENT SCIENCE;;;;14;1;;;1;21;;10.1007/s10729-010-9138-3;;;MAR 2011;2011;;;;;;;;;;5;;;;;;;WOS:000286831800001
"valid",J;Chiu, Sherry Y-H, Malila, Nea, Yen, Amy M-F, Anttila, Ahti, Hakama, Matti, Chen, H-H;;;;;;;;Analytical decision model for sample size and effectiveness projections for use in planning a population-based randomized controlled trial of colorectal cancer screening;;;;;;;;JOURNAL OF EVALUATION IN CLINICAL PRACTICE;;;;17;1;;;123;129;;10.1111/j.1365-2753.2010.01378.x;;;FEB 2011;2011;;;;;;;;;;4;;;;;;;WOS:000286382500018
"valid",J;Ladabaum, Uri, Ferrandez, Angel, Lanas, Angel;;;;;;;;Cost-Effectiveness of Colorectal Cancer Screening in High-Risk Spanish Patients: Use of a Validated Model to Inform Public Policy;;;;;;;;CANCER EPIDEMIOLOGY BIOMARKERS & PREVENTION;;;;19;11;;;2765;2776;;10.1158/1055-9965.EPI-10-0530;;;NOV 2010;2010;;;;;;;;;;15;;;;;;;WOS:000283991600009
"not valid",J;Wolf, Bethany J., Hill, Elizabeth G., Slate, Elizabeth H.;;;;;;;;Logic Forest: an ensemble classifier for discovering logical combinations of binary markers;;;;;;;;BIOINFORMATICS;;;;26;17;;;2183;2189;;10.1093/bioinformatics/btq354;;;SEP 1 2010;2010;;;;;;;;;;9;;;;;;;WOS:000281738900016
"valid",J;Rutter, Carolyn M., Savarino, James E.;;;;;;;;An Evidence-Based Microsimulation Model for Colorectal Cancer: Validation and Application;;;;;;;;CANCER EPIDEMIOLOGY BIOMARKERS & PREVENTION;;;;19;8;;;1992;2002;;10.1158/1055-9965.EPI-09-0954;;;AUG 2010;2010;;;;;;;;;;16;;;;;;;WOS:000280675000013
"not valid",J;Berg, Bjorn, Denton, Brian, Nelson, Heidi, Balasubramanian, Hari, Rahman, Ahmed, Bailey, Angela, Lindor, Keith;;;;;;;;A Discrete Event Simulation Model to Evaluate Operational Performance of a Colonoscopy Suite;;;;;;;;MEDICAL DECISION MAKING;;;;30;3;;;380;387;;10.1177/0272989X09345890;;;MAY-JUN 2010;2010;;;;;;;;;;34;;;;;;;WOS:000277892800012
"not valid",J;Oliver, Arnau, Freixenet, Jordi, Marti, Joan, Perez, Elsa, Pont, Josep, Denton, Erika R. E., Zwiggelaar, Reyer;;;;;;;;A review of automatic mass detection and segmentation in mammographic images;;;;;;;;MEDICAL IMAGE ANALYSIS;;;;14;2;;;87;110;;10.1016/j.media.2009.12.005;;;APR 2010;2010;;;;;;;;;;170;;;;;;;WOS:000275619400001
"not valid",J;Goovaerts, Pierre;;;;;;;;Visualizing and testing the impact of place on late-stage breast cancer incidence: A non-parametric geostatistical approach;;;;;;;;HEALTH & PLACE;;;;16;2;;;321;330;;10.1016/j.healthplace.2009.10.017;;;MAR 2010;2010;;;;;;;;;;17;;;;;;;WOS:000274461100018
"not valid",J;van Wijk, Cees, van Ravesteijn, Vincent F., Vos, Frans M., van Vliet, Lucas J.;;;;;;;;Detection and Segmentation of Colonic Polyps on Implicit Isosurfaces by Second Principal Curvature Flow;;;;;;;;IEEE TRANSACTIONS ON MEDICAL IMAGING;;;;29;3;;;688;698;;10.1109/TMI.2009.2031323;;;MAR 2010;2010;;;;;;;;;;24;;;;;;;WOS:000276308800009
"valid",J;Dreyfuss, John Henry;;;;;;;;Simulation Model Predicts Cost Savings from Colorectal Cancer Screening;;;;;;;;CA-A CANCER JOURNAL FOR CLINICIANS;;;;60;1;;;3;5;;10.3322/caac.20054;;;JAN-FEB 2010;2010;;;;;;;;;;0;;;;;;;WOS:000273898500003
"not valid",J;Katapodi, Maria C., Dodd, Marylin J., Facione, Noreen C., Humphreys, Janice C., Lee, Kathryn A.;;;;;;;;Why Some Women Have an Optimistic or a Pessimistic Bias About Their Breast Cancer Risk Experiences, Heuristics, and Knowledge of Risk Factors;;;;;;;;CANCER NURSING;;;;33;1;;;64;73;;10.1097/NCC.0b013e3181b430f9;;;JAN-FEB 2010;2010;;;;;;;;;;20;;;;;;;WOS:000273224900009
"not valid",J;Lin, Wen-Chou, Yen, Amy Ming-Fang, Chang, Chi-Ming, Chao, Chih-Hsung, Chen, Tony Hsiu-Hsi;;;;;;;;Computer-aided system for health economic evaluation;;;;;;;;JOURNAL OF EVALUATION IN CLINICAL PRACTICE;;;;15;5;;;797;803;;10.1111/j.1365-2753.2008.01096.x;;;OCT 2009;2009;;;;;;;;;;0;;;;;;;WOS:000270179900004
"valid",J;Bouee, S., Fagnani, F., Alfonsi, A., Florentin, V;;;;;;;;RELATIVE IMPACT OF SCREENING AND THERAPEUTIC PROGRESS ON THE REDUCTION OF BREAST CANCER SPECIFIC MORTALITY IN FRANCE: A SIMULATION MODEL OVER THE PERIOD 1994-2005;;;;;;;;VALUE IN HEALTH;;;;12;7;;;A261;A261;;10.1016/S1098-3015(10)74278-9;;;OCT 2009;2009;;;;;;;;;;0;;;;;;;WOS:000269878100203
"not valid",J;Gustafson, Paul, Greenland, Sander;;;;;;;;Interval Estimation for Messy Observational Data;;;;;;;;STATISTICAL SCIENCE;;;;24;3;;;328;342;;10.1214/09-STS305;;;AUG 2009;2009;;;;;;;;;;15;;;;;;;WOS:000276830200008
"not valid",J;Cooner, Freda W., Yu, Xinhua, Banerjee, Sudipto, Grambsch, Patricia L., McBean, A. Marshall;;;;;;;;Hierarchical dynamic time-to-event models for post-treatment preventive care data on breast cancer survivors;;;;;;;;STATISTICAL MODELLING;;;;9;2;;;119;135;;10.1177/1471082X0800900202;;;JUL 2009;2009;;;;;;;;;;2;;;;;;;WOS:000268862600002
"valid",J;Tafazzoli, Ali, Roberts, Stephen, Klein, Robert, Ness, Reid, Dittus, Robert;;;;;;;;Probabilistic Cost-Effectiveness Comparison of Screening Strategies for Colorectal Cancer;;;;;;;;ACM TRANSACTIONS ON MODELING AND COMPUTER SIMULATION;;;;19;2;;;;;6;10.1145/1502787.1502789;;;MAR 2009;2009;;;;;;;;;;3;;;;;;;WOS:000266818300002
"not valid",J;Oh, Jung Hun, Gumani, Prem, Schorge, John, Rosenblatt, Kevin P., Gao, Jean X.;;;;;;;;An Extended Markov Blanket Approach to Proteomic Biomarker Detection From High-Resolution Mass Spectrometry Data;;;;;;;;IEEE TRANSACTIONS ON INFORMATION TECHNOLOGY IN BIOMEDICINE;;;;13;2;;;195;206;;10.1109/TITB.2008.2007909;;;MAR 2009;2009;;;;;;;;;;10;;;;;;;WOS:000264059200007
"not valid",J;Ivy, Julie Simmons, Nembhard, Harriet Black, Baran, Kimberly;;;;;;;;Quantifying the Impact of Variability and Noise on Patient Outcomes in Breast Cancer Decision Making;;;;;;;;QUALITY ENGINEERING;;;;21;3;;;319;334;;10.1080/08982110902762634;;;2009;2009;;;;;;;;;;0;;;;;;;WOS:000208165800013
"not valid",J;Macafee, D. A. L., Waller, M., Whynes, D. K., Moss, S., Scholefield, J. H.;;;;;;;;Population screening for colorectal cancer: the implications of an ageing population;;;;;;;;BRITISH JOURNAL OF CANCER;;;;99;12;;;1991;2000;;10.1038/sj.bjc.6604788;;;DEC 9 2008;2008;;;;;;;;;;17;;;;;;;WOS:000261620100005
"not valid",J;Mitchell, R. J., Ferguson, R. K., Macdonald, A., Dunlop, M. G., Campbell, H., Porteous, M. E.;;;;;;;;Cascade genetic testing for mismatch repair gene mutations;;;;;;;;FAMILIAL CANCER;;;;7;4;;;293;301;;10.1007/s10689-008-9192-x;;;DEC 2008;2008;;;;;;;;;;0;;;;;;;WOS:000260540800003
"valid",J;Karnon, Jonathan, Jones, Roy, Czoski-Murray, Carolyn, Srnith, Kevin J.;;;;;;;;Cost-utility analysis of screening high-risk groups for anal cancer;;;;;;;;JOURNAL OF PUBLIC HEALTH;;;;30;3;;;293;304;;10.1093/pubmed/fdn045;;;SEP 2008;2008;;;;;;;;;;27;;;;;;;WOS:000259375100015
"not valid",J;Cai, Tianxi, Dodd, Lori E.;;;;;;;;Regression analysis for the partial area under the ROC curve;;;;;;;;STATISTICA SINICA;;;;18;3;;;817;836;;;;;JUL 2008;2008;;;;;;;;;;16;;;;;;;WOS:000258459800004
"not valid",J;Jansen-van der Weide, M. C., de Bock, G. H., Greuter, M. J. W., Nagelkerke, N. J. D., Oudkerk, M.;;;;;;;;Benefits and risks of breast cancer screening among women with a familial or genetic predisposition: validation of a simulation model using published data;;;;;;;;EJC SUPPLEMENTS;;;;6;7;;;95;96;;10.1016/S1359-6349(08)70481-6;;;APR 2008;2008;;;;;;6th European Breast Cancer Conference;APR 15-19, 2008;;Berlin, GERMANY;0;;;;;;;WOS:000256762000188
"not valid",J;Zhang, Xiao, Boscardin, W. John, Belin, Thomas R.;;;;;;;;Bayesian analysis of multivariate nominal measures using multivariate multinomial probit models;;;;;;;;COMPUTATIONAL STATISTICS & DATA ANALYSIS;;;;52;7;;;3697;3708;;10.1016/j.csda.2007.12.012;;;MAR 15 2008;2008;;;;;;;;;;9;;;;;;;WOS:000255145900029
"not valid",J;Roca-Pardinas, Javier, Cadarso-Suarez, Carmen, Tahoces, Pablo G., Lado, Maria J.;;;;;;;;Assessing continuous bivariate effects among different groups through nonparametric regression models: An application to breast cancer detection;;;;;;;;COMPUTATIONAL STATISTICS & DATA ANALYSIS;;;;52;4;;;1958;1970;;10.1016/j.csda.2007.06.024;;;JAN 10 2008;2008;;;;;;;;;;7;;;;;;;WOS:000253283500014
"valid",J;Roberts, Stephen, Wang, Lijun, Klein, Robert, Ness, Reid, Dittus, Robert;;;;;;;;Development of a simulation model of colorectal cancer;;;;;;;;ACM TRANSACTIONS ON MODELING AND COMPUTER SIMULATION;;;;18;1;;;;;4;10.1145/1315575.1315579;;;2008;2008;;;;;;;;;;0;;;;;;;WOS:000253376200004
"valid",J;Armero, Carmen, Lopez-Quilez, Antonio, Lopez-Sanchez, Rut;;;;;;;;Bayesian assessment of times to diagnosis in breast cancer screening;;;;;;;;JOURNAL OF APPLIED STATISTICS;;;;35;9;;;997;1009;;10.1080/02664760802191397;;;2008;2008;;;;;;;;;;2;;;;;;;WOS:000258090800006
"valid",J;Parkin, D. M., Tappenden, P., Olsen, A. H., Patnick, J., Sasieni, P.;;;;;;;;Predicting the impact of the screening programme for colorectal cancer in the UK;;;;;;;;JOURNAL OF MEDICAL SCREENING;;;;15;4;;;163;174;;10.1258/jms.2008.008024;;;2008;2008;;;;;;;;;;33;;;;;;;WOS:000262857900001
"not valid",J;Welton, N. J., Ades, A. E., Caldwell, D. M., Peters, T. J.;;;;;;;;Research prioritization based on expected value of partial perfect information: a case-study on interventions to increase uptake of breast cancer screening;;;;;;;;JOURNAL OF THE ROYAL STATISTICAL SOCIETY SERIES A-STATISTICS IN SOCIETY;;;;171;;;;807;834;;10.1111/j.1467-985X.2008.00558.x;;;2008;2008;;;;;;;;;;25;;;;;;;WOS:000259363400003
"valid",J;Chang, Chi-Ming, Lin, Wen-Chou, Kuo, Hsu-Sung, Yen, Ming-Fang, Chen, Tony Hsiu-Hsi;;;;;;;;Estimation and prediction system for multi-state disease process: application to analysis of organized screening regime;;;;;;;;JOURNAL OF EVALUATION IN CLINICAL PRACTICE;;;;13;6;;;867;881;;10.1111/j.1365-2753.2006.00765.x;;;DEC 2007;2007;;;;;;;;;;5;;;;;;;WOS:000250916900005
"valid",J;Raghunathan, Trivellore E., Xie, Dawei, Schenker, Nathaniel, Parsons, Van L., Davis, William W., Dodd, Kevin W., Feuer, Eric J.;;;;;;;;Combining information from two surveys to estimate county-level prevalence rates of cancer risk factors and screening;;;;;;;;JOURNAL OF THE AMERICAN STATISTICAL ASSOCIATION;;;;102;478;;;474;486;;10.1198/016214506000001293;;;JUN 2007;2007;;;;;;;;;;54;;;;;;;WOS:000246859200012
"not valid",J;Erkanli, A, Taylor, DD, Dean, D, Eksir, F, Egger, D, Geyer, J, Nelson, BH, Stone, B, Fritsche, HA, Roden, RBS;;;;;;;;Application of Bayesian modeling of autologous antibody responses against ovarian tumor-associated antigens to cancer detection;;;;;;;;CANCER RESEARCH;;;;66;3;;;1792;1798;;10.1158/0008-5472.CAN-05-0669;;;FEB 1 2006;2006;;;;;;;;;;24;;;;;;;WOS:000235095900067
"valid",J;Kobayashi, T, Goto-Watanabe, R, Ito, K, Mitsumori, K;;;;;;;;A Markov model for optimal intervals in prostate cancer screening programs in the era of individual baseline PSA values;;;;;;;;JOURNAL OF CLINICAL ONCOLOGY;;;;23;16;;;407S;407S;;;;;JUN 1 2005;2005;;;;;;41st Annual Meeting of the American-Society-of-Clinical-Oncology;MAY 13-17, 2005;Amer Soc Clin Oncol;Orlando, FL;0;;;;;;;WOS:000230326602448
"not valid",J;Martinez, EZ, Achcar, JA, Louzada-Neto, F;;;;;;;;Bayesian estimation of diagnostic tests accuracy for semi-latent data with covariates;;;;;;;;JOURNAL OF BIOPHARMACEUTICAL STATISTICS;;;;15;5;;;809;821;;10.1081/BIP-200067912;;;2005;2005;;;;;;;;;;7;;;;;;;WOS:000236233000005
"not valid",J;Shaw, PA, Etzioni, R, Zeliadt, SB, Mariotto, A, Karnofski, K, Penson, DF, Weiss, NS, Feuer, EJ;;;;;;;;An ecologic study of prostate-specific antigen screening and prostate cancer mortality in nine geographic areas of the United States;;;;;;;;AMERICAN JOURNAL OF EPIDEMIOLOGY;;;;160;11;;;1059;1069;;10.1093/aje/kwh336;;;DEC 1 2004;2004;;;;;;;;;;32;;;;;;;WOS:000225361300004
"not valid",J;Lui, KJ, Zhou, XH, Lin, CD;;;;;;;;Testing equality between two diagnostic procedures in paired-sample ordinal data;;;;;;;;BIOMETRICAL JOURNAL;;;;46;6;;;642;652;;10.1002/bimj.200410062;;;DEC 2004;2004;;;;;;;;;;2;;;;;;;WOS:000226083300002
"not valid",J;Wong, JM, Yen, MF, Lai, MS, Duffy, SW, Smith, RA, Chen, THH;;;;;;;;Progression rates of colorectal cancer by Dukes' stage in a high-risk group: Analysis of selective colorectal cancer screening;;;;;;;;CANCER JOURNAL;;;;10;3;;;160;169;;10.1097/00130404-200405000-00005;;;MAY-JUN 2004;2004;;;;;;;;;;14;;;;;;;WOS:000222738900005
"not valid",J;Sun, ZH, Fu, XL, Zang, L, Yang, XL, Liu, FZ, Hu, GX;;;;;;;;A protein chip system for parallel analysis of multi-tumor markers and its application in cancer detection;;;;;;;;ANTICANCER RESEARCH;;;;24;2C;;;1159;1165;;;;;MAR-APR 2004;2004;;;;;;;;;;45;;;;;;;WOS:000221385300024
"valid",J;Berchi, C, Bouvier, V, Reaud, JM, Launoy, G;;;;;;;;Cost-effectiveness analysis of two strategies for mass screening for colorectal cancer in France;;;;;;;;HEALTH ECONOMICS;;;;13;3;;;227;238;;10.1002/hec.819;;;MAR 2004;2004;;;;;;;;;;37;;;;;;;WOS:000220019800002
"valid",J;Goldie, SJ, Kuntz, KM;;;;;;;;A potential error in evaluating cancer screening: A comparison of 2 approaches for modeling underlying disease progression;;;;;;;;MEDICAL DECISION MAKING;;;;23;3;;;232;241;;10.1177/0272989X03253648;;;MAY-JUN 2003;2003;;;;;;;;;;7;;;;;;;WOS:000183052700004
"not valid",J;Taylor, DH, Van Scoyoc, L, Hawley, ST;;;;;;;;Health insurance and mammography: Would a Medicare buy-in take us to universal screening?;;;;;;;;HEALTH SERVICES RESEARCH;;;;37;6;;;1469;1486;;;;;DEC 2002;2002;;;;;;;;;;6;;;;;;;WOS:000180279200003
"not valid",J;Cai, TX, Pepe, MS;;;;;;;;Semiparametric receiver operating characteristic analysis to evaluate biomarkers for disease;;;;;;;;JOURNAL OF THE AMERICAN STATISTICAL ASSOCIATION;;;;97;460;;;1099;1107;;10.1198/06214502388618915;;;DEC 2002;2002;;;;;;;;;;43;;;;;;;WOS:000180239900020
"not valid",J;Adam, BL, Qu, YS, Davis, JW, Ward, MD, Clements, MA, Cazares, LH, Semmes, OJ, Schellhammer, PF, Yasui, Y, Feng, ZD, Wright, GL;;;;;;;;Serum protein fingerprinting coupled with a pattern-matching algorithm distinguishes prostate cancer from benign prostate hyperplasia and healthy men;;;;;;;;CANCER RESEARCH;;;;62;13;;;3609;3614;;;;;JUL 1 2002;2002;;;;;;;;;;713;;;;;;;WOS:000176579500007
"not valid",J;Gatenby, RA, Frieden, BR;;;;;;;;Application of information theory and extreme physical information to carcinogenesis;;;;;;;;CANCER RESEARCH;;;;62;13;;;3675;3684;;;;;JUL 1 2002;2002;;;;;;;;;;40;;;;;;;WOS:000176579500020
"not valid",J;Kerner, TE, Paulsen, KD, Hartov, A, Soho, SK, Poplack, SP;;;;;;;;Electrical impedance spectroscopy of the breast: Clinical imaging results in 26 subjects;;;;;;;;IEEE TRANSACTIONS ON MEDICAL IMAGING;;;;21;6;;;638;645;;10.1109/TMI.2002.800606;;;JUN 2002;2002;;;;;;;;;;106;;;;;;;WOS:000177190000012
"valid",J;Parmigiani, G, Skates, S, Zelen, M;;;;;;;;Modeling and optimization in early detection programs with a single exam;;;;;;;;BIOMETRICS;;;;58;1;;;30;36;;10.1111/j.0006-341X.2002.00030.x;;;MAR 2002;2002;;;;;;;;;;9;;;;;;;WOS:000174229300004
"not valid",J;Myles, JP, Duffy, SW, Prevost, TC, Day, NE, Hakama, M, Salminen, T;;;;;;;;Markov chain Monte Carlo inference applied to a complex model for the longitudinal analysis of breast patterns;;;;;;;;JOURNAL OF THE ROYAL STATISTICAL SOCIETY SERIES C-APPLIED STATISTICS;;;;51;;;;197;207;UNSP 0035-9254/02/51197;10.1111/1467-9876.00263;;;2002;2002;;;;;;;;;;2;;;;;;;WOS:000175954400005
"valid",J;Philips, Z, Whynes, DK;;;;;;;;Early withdrawal from cervical cancer screening: the question of cost-effectiveness;;;;;;;;EUROPEAN JOURNAL OF CANCER;;;;37;14;;;1775;1780;;10.1016/S0959-8049(01)00199-X;;;SEP 2001;2001;;;;;;;;;;7;;;;;;;WOS:000170851300007
"not valid",J;Skates, SJ, Pauler, DK, Jacobs, IJ;;;;;;;;Screening based on the risk of cancer calculation from Bayesian hierarchical changepoint and mixture models of longitudinal markers;;;;;;;;JOURNAL OF THE AMERICAN STATISTICAL ASSOCIATION;;;;96;454;;;429;439;;10.1198/016214501753168145;;;JUN 2001;2001;;;;;;;;;;82;;;;;;;WOS:000168986400007
"valid",J;Wilson, LS, Lightwood, J;;;;;;;;Model of estimated rates of colorectal cancer from polyp growth by year of surveillance;;;;;;;;JOURNAL OF MEDICAL SCREENING;;;;8;4;;;187;196;;10.1136/jms.8.4.187;;;2001;2001;;;;;;;;;;10;;;;;;;WOS:000172854200006
"valid",J;Ramsey, SD, McIntosh, M, Etzioni, R, Urban, N;;;;;;;;Simulation modeling of outcomes and cost effectiveness;;;;;;;;HEMATOLOGY-ONCOLOGY CLINICS OF NORTH AMERICA;;;;14;4;;;925;+;;10.1016/S0889-8588(05)70319-1;;;AUG 2000;2000;;;;;;;;;;22;;;;;;;WOS:000088799300012
"not valid",J;Wagner, W, Ostkamp, K, Niewohner-Desbordes, U;;;;;;;;A simple method to transpose MRI-lnformations to the simulation portal films. A technical note;;;;;;;;STRAHLENTHERAPIE UND ONKOLOGIE;;;;176;5;;;235;238;;10.1007/BF03226776;;;MAY 2000;2000;;;;;;;;;;3;;;;;;;WOS:000087195100006
"not valid",J;Spiegelhalter, DJ;;;;;;;;Bayesian graphical modelling: a case-study in monitoring health outcomes;;;;;;;;JOURNAL OF THE ROYAL STATISTICAL SOCIETY SERIES C-APPLIED STATISTICS;;;;47;;;;115;133;;10.1111/1467-9876.00101;;;1998;1998;;;;;;;;;;73;;;;;;;WOS:000072828100008
